INSERT INTO Dapil (id, nama_Dapil, provinsi, jumlah_Kursi) VALUES ('701fa6aa-e0ab-4f91-a4c3-3907e4decc6e', 'Aceh I', 'Aceh', 7);
INSERT INTO Dapil (id, nama_Dapil, provinsi, jumlah_Kursi) VALUES ('9b51f38e-05ab-4992-ad4f-57e2531bae1a', 'Aceh II', 'Aceh', 6);
INSERT INTO Dapil (id, nama_Dapil, provinsi, jumlah_Kursi) VALUES ('f30cc79b-737b-43f5-81b2-a45e9e18d2a4', 'Sumatera Utara I', 'Sumatera Utara', 10);
INSERT INTO Dapil (id, nama_Dapil, provinsi, jumlah_Kursi) VALUES ('823ba62e-dca3-4cf9-ac29-55f500a904f7', 'Sumatera Utara II', 'Sumatera Utara', 10);
INSERT INTO Dapil (id, nama_Dapil, provinsi, jumlah_Kursi) VALUES ('b34e864e-30b1-44ca-953d-28cf72849d2f', 'Sumatera Utara III', 'Sumatera Utara', 10);

INSERT INTO Dapil_Wilayah_Dapil_List (Dapil_id, Wilayah_Dapil_List) VALUES ('701fa6aa-e0ab-4f91-a4c3-3907e4decc6e', 'Aceh Barat');
INSERT INTO Dapil_Wilayah_Dapil_List (Dapil_id, Wilayah_Dapil_List) VALUES ('701fa6aa-e0ab-4f91-a4c3-3907e4decc6e', 'Aceh Barat Daya');
INSERT INTO Dapil_Wilayah_Dapil_List (Dapil_id, Wilayah_Dapil_List) VALUES ('701fa6aa-e0ab-4f91-a4c3-3907e4decc6e', 'Aceh Besar');
INSERT INTO Dapil_Wilayah_Dapil_List (Dapil_id, Wilayah_Dapil_List) VALUES ('701fa6aa-e0ab-4f91-a4c3-3907e4decc6e', 'Aceh Jaya');
INSERT INTO Dapil_Wilayah_Dapil_List (Dapil_id, Wilayah_Dapil_List) VALUES ('701fa6aa-e0ab-4f91-a4c3-3907e4decc6e', 'Aceh Jaya');
INSERT INTO Dapil_Wilayah_Dapil_List (Dapil_id, Wilayah_Dapil_List) VALUES ('701fa6aa-e0ab-4f91-a4c3-3907e4decc6e', 'Aceh Selatan');
INSERT INTO Dapil_Wilayah_Dapil_List (Dapil_id, Wilayah_Dapil_List) VALUES ('701fa6aa-e0ab-4f91-a4c3-3907e4decc6e', 'Aceh Singkil');
INSERT INTO Dapil_Wilayah_Dapil_List (Dapil_id, Wilayah_Dapil_List) VALUES ('701fa6aa-e0ab-4f91-a4c3-3907e4decc6e', 'Aceh Tenggara');
INSERT INTO Dapil_Wilayah_Dapil_List (Dapil_id, Wilayah_Dapil_List) VALUES ('701fa6aa-e0ab-4f91-a4c3-3907e4decc6e', 'Gayo Lues');
INSERT INTO Dapil_Wilayah_Dapil_List (Dapil_id, Wilayah_Dapil_List) VALUES ('701fa6aa-e0ab-4f91-a4c3-3907e4decc6e', 'Nagan Raya');
INSERT INTO Dapil_Wilayah_Dapil_List (Dapil_id, Wilayah_Dapil_List) VALUES ('701fa6aa-e0ab-4f91-a4c3-3907e4decc6e', 'Pidie');
INSERT INTO Dapil_Wilayah_Dapil_List (Dapil_id, Wilayah_Dapil_List) VALUES ('701fa6aa-e0ab-4f91-a4c3-3907e4decc6e', 'Pidie Jaya');
INSERT INTO Dapil_Wilayah_Dapil_List (Dapil_id, Wilayah_Dapil_List) VALUES ('701fa6aa-e0ab-4f91-a4c3-3907e4decc6e', 'Simeulue');
INSERT INTO Dapil_Wilayah_Dapil_List (Dapil_id, Wilayah_Dapil_List) VALUES ('701fa6aa-e0ab-4f91-a4c3-3907e4decc6e', 'Kota Banda Aceh');
INSERT INTO Dapil_Wilayah_Dapil_List (Dapil_id, Wilayah_Dapil_List) VALUES ('701fa6aa-e0ab-4f91-a4c3-3907e4decc6e', 'Kota Sabang');
INSERT INTO Dapil_Wilayah_Dapil_List (Dapil_id, Wilayah_Dapil_List) VALUES ('701fa6aa-e0ab-4f91-a4c3-3907e4decc6e', 'Kota Subulussalam');
INSERT INTO Dapil_Wilayah_Dapil_List (Dapil_id, Wilayah_Dapil_List) VALUES ('9b51f38e-05ab-4992-ad4f-57e2531bae1a', 'Aceh Tamiang');
INSERT INTO Dapil_Wilayah_Dapil_List (Dapil_id, Wilayah_Dapil_List) VALUES ('9b51f38e-05ab-4992-ad4f-57e2531bae1a', 'Aceh Tengah');
INSERT INTO Dapil_Wilayah_Dapil_List (Dapil_id, Wilayah_Dapil_List) VALUES ('9b51f38e-05ab-4992-ad4f-57e2531bae1a', 'Aceh Timur');
INSERT INTO Dapil_Wilayah_Dapil_List (Dapil_id, Wilayah_Dapil_List) VALUES ('9b51f38e-05ab-4992-ad4f-57e2531bae1a', 'Aceh Utara');
INSERT INTO Dapil_Wilayah_Dapil_List (Dapil_id, Wilayah_Dapil_List) VALUES ('9b51f38e-05ab-4992-ad4f-57e2531bae1a', 'Bener Meriah');
INSERT INTO Dapil_Wilayah_Dapil_List (Dapil_id, Wilayah_Dapil_List) VALUES ('9b51f38e-05ab-4992-ad4f-57e2531bae1a', 'Bireuen');
INSERT INTO Dapil_Wilayah_Dapil_List (Dapil_id, Wilayah_Dapil_List) VALUES ('9b51f38e-05ab-4992-ad4f-57e2531bae1a', 'Kota Langsa');
INSERT INTO Dapil_Wilayah_Dapil_List (Dapil_id, Wilayah_Dapil_List) VALUES ('9b51f38e-05ab-4992-ad4f-57e2531bae1a', 'Kota Lhokseumawe');
INSERT INTO Dapil_Wilayah_Dapil_List (Dapil_id, Wilayah_Dapil_List) VALUES ('f30cc79b-737b-43f5-81b2-a45e9e18d2a4', 'Deli Serdang');
INSERT INTO Dapil_Wilayah_Dapil_List (Dapil_id, Wilayah_Dapil_List) VALUES ('f30cc79b-737b-43f5-81b2-a45e9e18d2a4', 'Serdang Bedagai');
INSERT INTO Dapil_Wilayah_Dapil_List (Dapil_id, Wilayah_Dapil_List) VALUES ('f30cc79b-737b-43f5-81b2-a45e9e18d2a4', 'Kota Medan');
INSERT INTO Dapil_Wilayah_Dapil_List (Dapil_id, Wilayah_Dapil_List) VALUES ('f30cc79b-737b-43f5-81b2-a45e9e18d2a4', 'Kota Tebing Tinggi');
INSERT INTO Dapil_Wilayah_Dapil_List (Dapil_id, Wilayah_Dapil_List) VALUES ('823ba62e-dca3-4cf9-ac29-55f500a904f7', 'Humbang Hasundutan');
INSERT INTO Dapil_Wilayah_Dapil_List (Dapil_id, Wilayah_Dapil_List) VALUES ('823ba62e-dca3-4cf9-ac29-55f500a904f7', 'Labuhanbatu');
INSERT INTO Dapil_Wilayah_Dapil_List (Dapil_id, Wilayah_Dapil_List) VALUES ('823ba62e-dca3-4cf9-ac29-55f500a904f7', 'Labuhanbatu Selatan');
INSERT INTO Dapil_Wilayah_Dapil_List (Dapil_id, Wilayah_Dapil_List) VALUES ('823ba62e-dca3-4cf9-ac29-55f500a904f7', 'Labuhanbatu Utara');
INSERT INTO Dapil_Wilayah_Dapil_List (Dapil_id, Wilayah_Dapil_List) VALUES ('823ba62e-dca3-4cf9-ac29-55f500a904f7', 'Mandailing Natal');
INSERT INTO Dapil_Wilayah_Dapil_List (Dapil_id, Wilayah_Dapil_List) VALUES ('823ba62e-dca3-4cf9-ac29-55f500a904f7', 'Nias');
INSERT INTO Dapil_Wilayah_Dapil_List (Dapil_id, Wilayah_Dapil_List) VALUES ('823ba62e-dca3-4cf9-ac29-55f500a904f7', 'Nias Barat');
INSERT INTO Dapil_Wilayah_Dapil_List (Dapil_id, Wilayah_Dapil_List) VALUES ('823ba62e-dca3-4cf9-ac29-55f500a904f7', 'Nias Selatan');
INSERT INTO Dapil_Wilayah_Dapil_List (Dapil_id, Wilayah_Dapil_List) VALUES ('823ba62e-dca3-4cf9-ac29-55f500a904f7', 'Nias Utara');
INSERT INTO Dapil_Wilayah_Dapil_List (Dapil_id, Wilayah_Dapil_List) VALUES ('823ba62e-dca3-4cf9-ac29-55f500a904f7', 'Padang Lawas');
INSERT INTO Dapil_Wilayah_Dapil_List (Dapil_id, Wilayah_Dapil_List) VALUES ('823ba62e-dca3-4cf9-ac29-55f500a904f7', 'Padang Lawas Utara');
INSERT INTO Dapil_Wilayah_Dapil_List (Dapil_id, Wilayah_Dapil_List) VALUES ('823ba62e-dca3-4cf9-ac29-55f500a904f7', 'Tapanuli Selatan');
INSERT INTO Dapil_Wilayah_Dapil_List (Dapil_id, Wilayah_Dapil_List) VALUES ('823ba62e-dca3-4cf9-ac29-55f500a904f7', 'Tapanuli Tengah');
INSERT INTO Dapil_Wilayah_Dapil_List (Dapil_id, Wilayah_Dapil_List) VALUES ('823ba62e-dca3-4cf9-ac29-55f500a904f7', 'Tapanuli Utara');
INSERT INTO Dapil_Wilayah_Dapil_List (Dapil_id, Wilayah_Dapil_List) VALUES ('823ba62e-dca3-4cf9-ac29-55f500a904f7', 'Toba Samosir');
INSERT INTO Dapil_Wilayah_Dapil_List (Dapil_id, Wilayah_Dapil_List) VALUES ('823ba62e-dca3-4cf9-ac29-55f500a904f7', 'Samosir');
INSERT INTO Dapil_Wilayah_Dapil_List (Dapil_id, Wilayah_Dapil_List) VALUES ('823ba62e-dca3-4cf9-ac29-55f500a904f7', 'Kota Gunungsitoli');
INSERT INTO Dapil_Wilayah_Dapil_List (Dapil_id, Wilayah_Dapil_List) VALUES ('823ba62e-dca3-4cf9-ac29-55f500a904f7', 'Kota Padang Sidempuan');
INSERT INTO Dapil_Wilayah_Dapil_List (Dapil_id, Wilayah_Dapil_List) VALUES ('823ba62e-dca3-4cf9-ac29-55f500a904f7', 'Kota Sibolga');
INSERT INTO Dapil_Wilayah_Dapil_List (Dapil_id, Wilayah_Dapil_List) VALUES ('b34e864e-30b1-44ca-953d-28cf72849d2f', 'Asahan');
INSERT INTO Dapil_Wilayah_Dapil_List (Dapil_id, Wilayah_Dapil_List) VALUES ('b34e864e-30b1-44ca-953d-28cf72849d2f', 'Batu Bara');
INSERT INTO Dapil_Wilayah_Dapil_List (Dapil_id, Wilayah_Dapil_List) VALUES ('b34e864e-30b1-44ca-953d-28cf72849d2f', 'Dairi');
INSERT INTO Dapil_Wilayah_Dapil_List (Dapil_id, Wilayah_Dapil_List) VALUES ('b34e864e-30b1-44ca-953d-28cf72849d2f', 'Karo');
INSERT INTO Dapil_Wilayah_Dapil_List (Dapil_id, Wilayah_Dapil_List) VALUES ('b34e864e-30b1-44ca-953d-28cf72849d2f', 'Langkat');
INSERT INTO Dapil_Wilayah_Dapil_List (Dapil_id, Wilayah_Dapil_List) VALUES ('b34e864e-30b1-44ca-953d-28cf72849d2f', 'Pakpak Bharat');
INSERT INTO Dapil_Wilayah_Dapil_List (Dapil_id, Wilayah_Dapil_List) VALUES ('b34e864e-30b1-44ca-953d-28cf72849d2f', 'Simalungun');
INSERT INTO Dapil_Wilayah_Dapil_List (Dapil_id, Wilayah_Dapil_List) VALUES ('b34e864e-30b1-44ca-953d-28cf72849d2f', 'Kota Binjai');
INSERT INTO Dapil_Wilayah_Dapil_List (Dapil_id, Wilayah_Dapil_List) VALUES ('b34e864e-30b1-44ca-953d-28cf72849d2f', 'Kota Pematangsiantar');
INSERT INTO Dapil_Wilayah_Dapil_List (Dapil_id, Wilayah_Dapil_List) VALUES ('b34e864e-30b1-44ca-953d-28cf72849d2f', 'Kota Tanjungbalai');

INSERT INTO Partai (id, nama_Partai, nomor_Urut) VALUES ('39aa7959-066a-47fa-9891-34599f38024c', 'Partai PDI Perjuangan (PDIP)', 1);
INSERT INTO Partai (id, nama_Partai, nomor_Urut) VALUES ('3ddb53c9-6e9b-44a5-ac15-93e2afa5f7d7', 'Partai Golongan Karya (Golkar)', 2);
INSERT INTO Partai (id, nama_Partai, nomor_Urut) VALUES ('29a89caa-ffa2-4891-aa41-4a960028c560', 'Partai Gerakan Indonesia Raya (Gerindra)', 3);
INSERT INTO Partai (id, nama_Partai, nomor_Urut) VALUES ('b9b9fa87-ae0c-43ba-a6d9-9d8f4c24ad5e', 'Partai Kebangkitan Bangsa (PKB)', 4);
INSERT INTO Partai (id, nama_Partai, nomor_Urut) VALUES ('c64e4643-4179-4a1d-b6b1-81fa6d8afb1a', 'Partai NasDem', 5);


INSERT INTO Caleg (id, dapil_id, partai_id, nomor_Urut, nama, jenis_Kelamin) VALUES ('d146bb05-8723-4028-be9b-5138eee31e9c', '701fa6aa-e0ab-4f91-a4c3-3907e4decc6e', '29a89caa-ffa2-4891-aa41-4a960028c560', 1, 'FADHLULLAH, S.E.', 'LAKILAKI');
INSERT INTO Caleg (id, dapil_id, partai_id, nomor_Urut, nama, jenis_Kelamin) VALUES ('299516bc-ab6c-456f-bb7b-a85b55e136d1', '701fa6aa-e0ab-4f91-a4c3-3907e4decc6e', '29a89caa-ffa2-4891-aa41-4a960028c560', 2, 'Dra. Hj. ZULHAFAH', 'PEREMPUAN');
INSERT INTO Caleg (id, dapil_id, partai_id, nomor_Urut, nama, jenis_Kelamin) VALUES ('2e3f8f3e-e04c-48f7-8776-660f95b226f2', '701fa6aa-e0ab-4f91-a4c3-3907e4decc6e', '29a89caa-ffa2-4891-aa41-4a960028c560', 3, 'Drs. HASANUDDIN DARJO, M.M.', 'LAKILAKI');
INSERT INTO Caleg (id, dapil_id, partai_id, nomor_Urut, nama, jenis_Kelamin) VALUES ('40f6f6c3-a3aa-4470-9753-637ddbb5cbdc', '701fa6aa-e0ab-4f91-a4c3-3907e4decc6e', '29a89caa-ffa2-4891-aa41-4a960028c560', 1, 'SOFYAN DAWOOD', 'LAKILAKI');
INSERT INTO Caleg (id, dapil_id, partai_id, nomor_Urut, nama, jenis_Kelamin) VALUES ('8ec3a8fd-6a4d-4091-b5ce-3bd65c191d42', '701fa6aa-e0ab-4f91-a4c3-3907e4decc6e', '29a89caa-ffa2-4891-aa41-4a960028c560', 2, 'JAMALUDDIN IDHAM, S.H., M.H.', 'LAKILAKI');